Group,Subject,TrialType,Kind,KindNew,Object,Rating
CB,CB1,Color,Natural,Natural,Atto,7
CB,CB1,Color,Natural,Natural,Onz,7
CB,CB1,Color,Natural,Natural,Stime,7
CB,CB1,Color,Natural,Natural,Enly,3
CB,CB1,Color,Natural,Natural,Blairo,3
CB,CB1,Color,ArtifactFC,ArtifactFC,Bewt,7
CB,CB1,Color,ArtifactFC,ArtifactNFC,Arn,7
CB,CB1,Color,ArtifactFC,ArtifactFC,Topee,7
CB,CB1,Color,ArtifactFC,ArtifactFC,Bollop,3
CB,CB1,Color,ArtifactFC,ArtifactFC,Reeka,7
CB,CB1,Color,ArtifactNFC,ArtifactNFC,Kanpa,3
CB,CB1,Color,ArtifactNFC,ArtifactNFC,Flut,3
CB,CB1,Color,ArtifactNFC,ArtifactNFC,Meepa,3
CB,CB1,Color,ArtifactNFC,ArtifactFC,Cano,3
CB,CB1,Color,ArtifactNFC,ArtifactNFC,Maxus,3
CB,CB1,Function,Natural,Natural,Koshi,3
CB,CB1,Function,Natural,Natural,Poom,3
CB,CB1,Function,Natural,Natural,Borg,3
CB,CB1,Function,Natural,Natural,Norpee,7
CB,CB1,Function,Natural,Natural,Irve,3
CB,CB1,Function,Artifact,Artifact,Xenop,5
CB,CB1,Function,Artifact,Artifact,Trint,7
CB,CB1,Function,Artifact,Artifact,Soof,7
CB,CB1,Function,Artifact,Artifact,Quag,7
CB,CB1,Function,Artifact,Artifact,Olan,7
CB,CB1,Filler,Artifact,Artifact,Gep,7
CB,CB1,Filler,Artifact,Artifact,Desh,7
CB,CB1,Filler,Artifact,Artifact,Nox,7
CB,CB1,Filler,Natural,Natural,Yobal,7
CB,CB1,Filler,Natural,Natural,Walla,7
CB,CB1,Filler,Natural,Natural,Chom,7
CB,CB1,Filler,Natural,Natural,Hyto,3
CB,CB1,Filler,Natural,Natural,Drapa,5
CB,CB1,Filler,Natural,Natural,Uzoo,7
CB,CB1,Filler,Natural,Natural,Jox,7
CB,CB2,Color,Natural,Natural,Atto,5
CB,CB2,Color,Natural,Natural,Onz,6
CB,CB2,Color,Natural,Natural,Stime,6
CB,CB2,Color,Natural,Natural,Enly,5
CB,CB2,Color,Natural,Natural,Blairo,6
CB,CB2,Color,ArtifactFC,ArtifactFC,Bewt,6
CB,CB2,Color,ArtifactFC,ArtifactNFC,Arn,7
CB,CB2,Color,ArtifactFC,ArtifactFC,Topee,7
CB,CB2,Color,ArtifactFC,ArtifactFC,Bollop,7
CB,CB2,Color,ArtifactFC,ArtifactFC,Reeka,5
CB,CB2,Color,ArtifactNFC,ArtifactNFC,Kanpa,5
CB,CB2,Color,ArtifactNFC,ArtifactNFC,Flut,6
CB,CB2,Color,ArtifactNFC,ArtifactNFC,Meepa,7
CB,CB2,Color,ArtifactNFC,ArtifactFC,Cano,6
CB,CB2,Color,ArtifactNFC,ArtifactNFC,Maxus,7
CB,CB2,Function,Natural,Natural,Koshi,4
CB,CB2,Function,Natural,Natural,Poom,5
CB,CB2,Function,Natural,Natural,Borg,4
CB,CB2,Function,Natural,Natural,Norpee,4
CB,CB2,Function,Natural,Natural,Irve,7
CB,CB2,Function,Artifact,Artifact,Xenop,5
CB,CB2,Function,Artifact,Artifact,Trint,7
CB,CB2,Function,Artifact,Artifact,Soof,7
CB,CB2,Function,Artifact,Artifact,Quag,7
CB,CB2,Function,Artifact,Artifact,Olan,7
CB,CB2,Filler,Artifact,Artifact,Gep,6
CB,CB2,Filler,Artifact,Artifact,Desh,6
CB,CB2,Filler,Artifact,Artifact,Nox,5
CB,CB2,Filler,Natural,Natural,Yobal,6
CB,CB2,Filler,Natural,Natural,Walla,6
CB,CB2,Filler,Natural,Natural,Chom,5
CB,CB2,Filler,Natural,Natural,Hyto,5
CB,CB2,Filler,Natural,Natural,Drapa,5
CB,CB2,Filler,Natural,Natural,Uzoo,6
CB,CB2,Filler,Natural,Natural,Jox,6
CB,CB3,Color,Natural,Natural,Atto,5
CB,CB3,Color,Natural,Natural,Onz,5
CB,CB3,Color,Natural,Natural,Stime,6
CB,CB3,Color,Natural,Natural,Enly,4
CB,CB3,Color,Natural,Natural,Blairo,4
CB,CB3,Color,ArtifactFC,ArtifactFC,Bewt,6
CB,CB3,Color,ArtifactFC,ArtifactNFC,Arn,4
CB,CB3,Color,ArtifactFC,ArtifactFC,Topee,7
CB,CB3,Color,ArtifactFC,ArtifactFC,Bollop,5
CB,CB3,Color,ArtifactFC,ArtifactFC,Reeka,6
CB,CB3,Color,ArtifactNFC,ArtifactNFC,Kanpa,3
CB,CB3,Color,ArtifactNFC,ArtifactNFC,Flut,4
CB,CB3,Color,ArtifactNFC,ArtifactNFC,Meepa,4
CB,CB3,Color,ArtifactNFC,ArtifactFC,Cano,5
CB,CB3,Color,ArtifactNFC,ArtifactNFC,Maxus,5
CB,CB3,Function,Natural,Natural,Koshi,5
CB,CB3,Function,Natural,Natural,Poom,2
CB,CB3,Function,Natural,Natural,Borg,1
CB,CB3,Function,Natural,Natural,Norpee,1
CB,CB3,Function,Natural,Natural,Irve,2
CB,CB3,Function,Artifact,Artifact,Xenop,4
CB,CB3,Function,Artifact,Artifact,Trint,7
CB,CB3,Function,Artifact,Artifact,Soof,7
CB,CB3,Function,Artifact,Artifact,Quag,3
CB,CB3,Function,Artifact,Artifact,Olan,7
CB,CB3,Filler,Artifact,Artifact,Gep,5
CB,CB3,Filler,Artifact,Artifact,Desh,3
CB,CB3,Filler,Artifact,Artifact,Nox,1
CB,CB3,Filler,Natural,Natural,Yobal,5
CB,CB3,Filler,Natural,Natural,Walla,6
CB,CB3,Filler,Natural,Natural,Chom,3
CB,CB3,Filler,Natural,Natural,Hyto,2
CB,CB3,Filler,Natural,Natural,Drapa,5
CB,CB3,Filler,Natural,Natural,Uzoo,5
CB,CB3,Filler,Natural,Natural,Jox,3
CB,CB4,Color,Natural,Natural,Atto,7
CB,CB4,Color,Natural,Natural,Onz,7
CB,CB4,Color,Natural,Natural,Stime,6
CB,CB4,Color,Natural,Natural,Enly,7
CB,CB4,Color,Natural,Natural,Blairo,6
CB,CB4,Color,ArtifactFC,ArtifactFC,Bewt,7
CB,CB4,Color,ArtifactFC,ArtifactNFC,Arn,7
CB,CB4,Color,ArtifactFC,ArtifactFC,Topee,7
CB,CB4,Color,ArtifactFC,ArtifactFC,Bollop,7
CB,CB4,Color,ArtifactFC,ArtifactFC,Reeka,7
CB,CB4,Color,ArtifactNFC,ArtifactNFC,Kanpa,5
CB,CB4,Color,ArtifactNFC,ArtifactNFC,Flut,5
CB,CB4,Color,ArtifactNFC,ArtifactNFC,Meepa,6
CB,CB4,Color,ArtifactNFC,ArtifactFC,Cano,6
CB,CB4,Color,ArtifactNFC,ArtifactNFC,Maxus,7
CB,CB4,Function,Natural,Natural,Koshi,2
CB,CB4,Function,Natural,Natural,Poom,2
CB,CB4,Function,Natural,Natural,Borg,2
CB,CB4,Function,Natural,Natural,Norpee,2
CB,CB4,Function,Natural,Natural,Irve,3
CB,CB4,Function,Artifact,Artifact,Xenop,7
CB,CB4,Function,Artifact,Artifact,Trint,7
CB,CB4,Function,Artifact,Artifact,Soof,6
CB,CB4,Function,Artifact,Artifact,Quag,7
CB,CB4,Function,Artifact,Artifact,Olan,7
CB,CB4,Filler,Artifact,Artifact,Gep,7
CB,CB4,Filler,Artifact,Artifact,Desh,4
CB,CB4,Filler,Artifact,Artifact,Nox,4
CB,CB4,Filler,Natural,Natural,Yobal,7
CB,CB4,Filler,Natural,Natural,Walla,7
CB,CB4,Filler,Natural,Natural,Chom,7
CB,CB4,Filler,Natural,Natural,Hyto,2
CB,CB4,Filler,Natural,Natural,Drapa,1
CB,CB4,Filler,Natural,Natural,Uzoo,5
CB,CB4,Filler,Natural,Natural,Jox,3
CB,CB5,Color,Natural,Natural,Atto,6
CB,CB5,Color,Natural,Natural,Onz,6
CB,CB5,Color,Natural,Natural,Stime,5
CB,CB5,Color,Natural,Natural,Enly,1
CB,CB5,Color,Natural,Natural,Blairo,5
CB,CB5,Color,ArtifactFC,ArtifactFC,Bewt,7
CB,CB5,Color,ArtifactFC,ArtifactNFC,Arn,6
CB,CB5,Color,ArtifactFC,ArtifactFC,Topee,6
CB,CB5,Color,ArtifactFC,ArtifactFC,Bollop,6
CB,CB5,Color,ArtifactFC,ArtifactFC,Reeka,3
CB,CB5,Color,ArtifactNFC,ArtifactNFC,Kanpa,3
CB,CB5,Color,ArtifactNFC,ArtifactNFC,Flut,3
CB,CB5,Color,ArtifactNFC,ArtifactNFC,Meepa,2
CB,CB5,Color,ArtifactNFC,ArtifactFC,Cano,2
CB,CB5,Color,ArtifactNFC,ArtifactNFC,Maxus,4
CB,CB5,Function,Natural,Natural,Koshi,2
CB,CB5,Function,Natural,Natural,Poom,2
CB,CB5,Function,Natural,Natural,Borg,1
CB,CB5,Function,Natural,Natural,Norpee,3
CB,CB5,Function,Natural,Natural,Irve,2
CB,CB5,Function,Artifact,Artifact,Xenop,2
CB,CB5,Function,Artifact,Artifact,Trint,6
CB,CB5,Function,Artifact,Artifact,Soof,7
CB,CB5,Function,Artifact,Artifact,Quag,5
CB,CB5,Function,Artifact,Artifact,Olan,6
CB,CB5,Filler,Artifact,Artifact,Gep,6
CB,CB5,Filler,Artifact,Artifact,Desh,6
CB,CB5,Filler,Artifact,Artifact,Nox,2
CB,CB5,Filler,Natural,Natural,Yobal,6
CB,CB5,Filler,Natural,Natural,Walla,5
CB,CB5,Filler,Natural,Natural,Chom,4
CB,CB5,Filler,Natural,Natural,Hyto,3
CB,CB5,Filler,Natural,Natural,Drapa,2
CB,CB5,Filler,Natural,Natural,Uzoo,5
CB,CB5,Filler,Natural,Natural,Jox,3
CB,CB6,Color,Natural,Natural,Atto,7
CB,CB6,Color,Natural,Natural,Onz,7
CB,CB6,Color,Natural,Natural,Stime,7
CB,CB6,Color,Natural,Natural,Enly,7
CB,CB6,Color,Natural,Natural,Blairo,3
CB,CB6,Color,ArtifactFC,ArtifactFC,Bewt,5
CB,CB6,Color,ArtifactFC,ArtifactNFC,Arn,6
CB,CB6,Color,ArtifactFC,ArtifactFC,Topee,7
CB,CB6,Color,ArtifactFC,ArtifactFC,Bollop,7
CB,CB6,Color,ArtifactFC,ArtifactFC,Reeka,7
CB,CB6,Color,ArtifactNFC,ArtifactNFC,Kanpa,5
CB,CB6,Color,ArtifactNFC,ArtifactNFC,Flut,5
CB,CB6,Color,ArtifactNFC,ArtifactNFC,Meepa,1
CB,CB6,Color,ArtifactNFC,ArtifactFC,Cano,1
CB,CB6,Color,ArtifactNFC,ArtifactNFC,Maxus,6
CB,CB6,Function,Natural,Natural,Koshi,7
CB,CB6,Function,Natural,Natural,Poom,7
CB,CB6,Function,Natural,Natural,Borg,6
CB,CB6,Function,Natural,Natural,Norpee,5
CB,CB6,Function,Natural,Natural,Irve,7
CB,CB6,Function,Artifact,Artifact,Xenop,5
CB,CB6,Function,Artifact,Artifact,Trint,7
CB,CB6,Function,Artifact,Artifact,Soof,7
CB,CB6,Function,Artifact,Artifact,Quag,7
CB,CB6,Function,Artifact,Artifact,Olan,7
CB,CB6,Filler,Artifact,Artifact,Gep,5
CB,CB6,Filler,Artifact,Artifact,Desh,7
CB,CB6,Filler,Artifact,Artifact,Nox,7
CB,CB6,Filler,Natural,Natural,Yobal,7
CB,CB6,Filler,Natural,Natural,Walla,7
CB,CB6,Filler,Natural,Natural,Chom,6
CB,CB6,Filler,Natural,Natural,Hyto,1
CB,CB6,Filler,Natural,Natural,Drapa,6
CB,CB6,Filler,Natural,Natural,Uzoo,2
CB,CB6,Filler,Natural,Natural,Jox,1
CB,CB7,Color,Natural,Natural,Atto,6
CB,CB7,Color,Natural,Natural,Onz,6
CB,CB7,Color,Natural,Natural,Stime,5
CB,CB7,Color,Natural,Natural,Enly,7
CB,CB7,Color,Natural,Natural,Blairo,5
CB,CB7,Color,ArtifactFC,ArtifactFC,Bewt,7
CB,CB7,Color,ArtifactFC,ArtifactNFC,Arn,7
CB,CB7,Color,ArtifactFC,ArtifactFC,Topee,7
CB,CB7,Color,ArtifactFC,ArtifactFC,Bollop,7
CB,CB7,Color,ArtifactFC,ArtifactFC,Reeka,7
CB,CB7,Color,ArtifactNFC,ArtifactNFC,Kanpa,5
CB,CB7,Color,ArtifactNFC,ArtifactNFC,Flut,5
CB,CB7,Color,ArtifactNFC,ArtifactNFC,Meepa,5
CB,CB7,Color,ArtifactNFC,ArtifactFC,Cano,6
CB,CB7,Color,ArtifactNFC,ArtifactNFC,Maxus,7
CB,CB7,Function,Natural,Natural,Koshi,3
CB,CB7,Function,Natural,Natural,Poom,4
CB,CB7,Function,Natural,Natural,Borg,3
CB,CB7,Function,Natural,Natural,Norpee,4
CB,CB7,Function,Natural,Natural,Irve,3
CB,CB7,Function,Artifact,Artifact,Xenop,7
CB,CB7,Function,Artifact,Artifact,Trint,7
CB,CB7,Function,Artifact,Artifact,Soof,4
CB,CB7,Function,Artifact,Artifact,Quag,6
CB,CB7,Function,Artifact,Artifact,Olan,7
CB,CB7,Filler,Artifact,Artifact,Gep,7
CB,CB7,Filler,Artifact,Artifact,Desh,5
CB,CB7,Filler,Artifact,Artifact,Nox,3
CB,CB7,Filler,Natural,Natural,Yobal,7
CB,CB7,Filler,Natural,Natural,Walla,7
CB,CB7,Filler,Natural,Natural,Chom,7
CB,CB7,Filler,Natural,Natural,Hyto,3
CB,CB7,Filler,Natural,Natural,Drapa,3
CB,CB7,Filler,Natural,Natural,Uzoo,4
CB,CB7,Filler,Natural,Natural,Jox,5
CB,CB8,Color,Natural,Natural,Atto,6
CB,CB8,Color,Natural,Natural,Onz,5
CB,CB8,Color,Natural,Natural,Stime,4
CB,CB8,Color,Natural,Natural,Enly,5
CB,CB8,Color,Natural,Natural,Blairo,4
CB,CB8,Color,ArtifactFC,ArtifactFC,Bewt,7
CB,CB8,Color,ArtifactFC,ArtifactNFC,Arn,6
CB,CB8,Color,ArtifactFC,ArtifactFC,Topee,2
CB,CB8,Color,ArtifactFC,ArtifactFC,Bollop,4
CB,CB8,Color,ArtifactFC,ArtifactFC,Reeka,6
CB,CB8,Color,ArtifactNFC,ArtifactNFC,Kanpa,5
CB,CB8,Color,ArtifactNFC,ArtifactNFC,Flut,3
CB,CB8,Color,ArtifactNFC,ArtifactNFC,Meepa,6
CB,CB8,Color,ArtifactNFC,ArtifactFC,Cano,5
CB,CB8,Color,ArtifactNFC,ArtifactNFC,Maxus,1
CB,CB8,Function,Natural,Natural,Koshi,5
CB,CB8,Function,Natural,Natural,Poom,2
CB,CB8,Function,Natural,Natural,Borg,3
CB,CB8,Function,Natural,Natural,Norpee,3
CB,CB8,Function,Natural,Natural,Irve,3
CB,CB8,Function,Artifact,Artifact,Xenop,4
CB,CB8,Function,Artifact,Artifact,Trint,5
CB,CB8,Function,Artifact,Artifact,Soof,1
CB,CB8,Function,Artifact,Artifact,Quag,6
CB,CB8,Function,Artifact,Artifact,Olan,4
CB,CB8,Filler,Artifact,Artifact,Gep,5
CB,CB8,Filler,Artifact,Artifact,Desh,1
CB,CB8,Filler,Artifact,Artifact,Nox,3
CB,CB8,Filler,Natural,Natural,Yobal,5
CB,CB8,Filler,Natural,Natural,Walla,7
CB,CB8,Filler,Natural,Natural,Chom,4
CB,CB8,Filler,Natural,Natural,Hyto,4
CB,CB8,Filler,Natural,Natural,Drapa,5
CB,CB8,Filler,Natural,Natural,Uzoo,5
CB,CB8,Filler,Natural,Natural,Jox,3
CB,CB9,Color,Natural,Natural,Atto,7
CB,CB9,Color,Natural,Natural,Onz,5
CB,CB9,Color,Natural,Natural,Stime,7
CB,CB9,Color,Natural,Natural,Enly,1
CB,CB9,Color,Natural,Natural,Blairo,1
CB,CB9,Color,ArtifactFC,ArtifactFC,Bewt,7
CB,CB9,Color,ArtifactFC,ArtifactNFC,Arn,7
CB,CB9,Color,ArtifactFC,ArtifactFC,Topee,7
CB,CB9,Color,ArtifactFC,ArtifactFC,Bollop,1
CB,CB9,Color,ArtifactFC,ArtifactFC,Reeka,7
CB,CB9,Color,ArtifactNFC,ArtifactNFC,Kanpa,1
CB,CB9,Color,ArtifactNFC,ArtifactNFC,Flut,2
CB,CB9,Color,ArtifactNFC,ArtifactNFC,Meepa,1
CB,CB9,Color,ArtifactNFC,ArtifactFC,Cano,1
CB,CB9,Color,ArtifactNFC,ArtifactNFC,Maxus,1
CB,CB9,Function,Natural,Natural,Koshi,1
CB,CB9,Function,Natural,Natural,Poom,1
CB,CB9,Function,Natural,Natural,Borg,1
CB,CB9,Function,Natural,Natural,Norpee,7
CB,CB9,Function,Natural,Natural,Irve,1
CB,CB9,Function,Artifact,Artifact,Xenop,1
CB,CB9,Function,Artifact,Artifact,Trint,7
CB,CB9,Function,Artifact,Artifact,Soof,7
CB,CB9,Function,Artifact,Artifact,Quag,7
CB,CB9,Function,Artifact,Artifact,Olan,7
CB,CB9,Filler,Artifact,Artifact,Gep,1
CB,CB9,Filler,Artifact,Artifact,Desh,7
CB,CB9,Filler,Artifact,Artifact,Nox,1
CB,CB9,Filler,Natural,Natural,Yobal,7
CB,CB9,Filler,Natural,Natural,Walla,7
CB,CB9,Filler,Natural,Natural,Chom,1
CB,CB9,Filler,Natural,Natural,Hyto,1
CB,CB9,Filler,Natural,Natural,Drapa,1
CB,CB9,Filler,Natural,Natural,Uzoo,3
CB,CB9,Filler,Natural,Natural,Jox,1
CB,CB10,Color,Natural,Natural,Atto,6
CB,CB10,Color,Natural,Natural,Onz,7
CB,CB10,Color,Natural,Natural,Stime,7
CB,CB10,Color,Natural,Natural,Enly,5
CB,CB10,Color,Natural,Natural,Blairo,7
CB,CB10,Color,ArtifactFC,ArtifactFC,Bewt,7
CB,CB10,Color,ArtifactFC,ArtifactNFC,Arn,6
CB,CB10,Color,ArtifactFC,ArtifactFC,Topee,3
CB,CB10,Color,ArtifactFC,ArtifactFC,Bollop,6
CB,CB10,Color,ArtifactFC,ArtifactFC,Reeka,6
CB,CB10,Color,ArtifactNFC,ArtifactNFC,Kanpa,4
CB,CB10,Color,ArtifactNFC,ArtifactNFC,Flut,3
CB,CB10,Color,ArtifactNFC,ArtifactNFC,Meepa,4
CB,CB10,Color,ArtifactNFC,ArtifactFC,Cano,4
CB,CB10,Color,ArtifactNFC,ArtifactNFC,Maxus,4
CB,CB10,Function,Natural,Natural,Koshi,3
CB,CB10,Function,Natural,Natural,Poom,5
CB,CB10,Function,Natural,Natural,Borg,3
CB,CB10,Function,Natural,Natural,Norpee,3
CB,CB10,Function,Natural,Natural,Irve,4
CB,CB10,Function,Artifact,Artifact,Xenop,5
CB,CB10,Function,Artifact,Artifact,Trint,6
CB,CB10,Function,Artifact,Artifact,Soof,6
CB,CB10,Function,Artifact,Artifact,Quag,6
CB,CB10,Function,Artifact,Artifact,Olan,5
CB,CB10,Filler,Artifact,Artifact,Gep,6
CB,CB10,Filler,Artifact,Artifact,Desh,5
CB,CB10,Filler,Artifact,Artifact,Nox,3
CB,CB10,Filler,Natural,Natural,Yobal,7
CB,CB10,Filler,Natural,Natural,Walla,7
CB,CB10,Filler,Natural,Natural,Chom,5
CB,CB10,Filler,Natural,Natural,Hyto,2
CB,CB10,Filler,Natural,Natural,Drapa,6
CB,CB10,Filler,Natural,Natural,Uzoo,4
CB,CB10,Filler,Natural,Natural,Jox,3
CB,CB11,Color,Natural,Natural,Atto,7
CB,CB11,Color,Natural,Natural,Onz,7
CB,CB11,Color,Natural,Natural,Stime,7
CB,CB11,Color,Natural,Natural,Enly,6
CB,CB11,Color,Natural,Natural,Blairo,7
CB,CB11,Color,ArtifactFC,ArtifactFC,Bewt,7
CB,CB11,Color,ArtifactFC,ArtifactNFC,Arn,7
CB,CB11,Color,ArtifactFC,ArtifactFC,Topee,7
CB,CB11,Color,ArtifactFC,ArtifactFC,Bollop,6
CB,CB11,Color,ArtifactFC,ArtifactFC,Reeka,5
CB,CB11,Color,ArtifactNFC,ArtifactNFC,Kanpa,6
CB,CB11,Color,ArtifactNFC,ArtifactNFC,Flut,5
CB,CB11,Color,ArtifactNFC,ArtifactNFC,Meepa,6
CB,CB11,Color,ArtifactNFC,ArtifactFC,Cano,1
CB,CB11,Color,ArtifactNFC,ArtifactNFC,Maxus,7
CB,CB11,Function,Natural,Natural,Koshi,1
CB,CB11,Function,Natural,Natural,Poom,1
CB,CB11,Function,Natural,Natural,Borg,1
CB,CB11,Function,Natural,Natural,Norpee,1
CB,CB11,Function,Natural,Natural,Irve,2
CB,CB11,Function,Artifact,Artifact,Xenop,5
CB,CB11,Function,Artifact,Artifact,Trint,7
CB,CB11,Function,Artifact,Artifact,Soof,4
CB,CB11,Function,Artifact,Artifact,Quag,3
CB,CB11,Function,Artifact,Artifact,Olan,7
CB,CB11,Filler,Artifact,Artifact,Gep,7
CB,CB11,Filler,Artifact,Artifact,Desh,5
CB,CB11,Filler,Artifact,Artifact,Nox,5
CB,CB11,Filler,Natural,Natural,Yobal,7
CB,CB11,Filler,Natural,Natural,Walla,7
CB,CB11,Filler,Natural,Natural,Chom,6
CB,CB11,Filler,Natural,Natural,Hyto,3
CB,CB11,Filler,Natural,Natural,Drapa,4
CB,CB11,Filler,Natural,Natural,Uzoo,5
CB,CB11,Filler,Natural,Natural,Jox,4
CB,CB12,Color,Natural,Natural,Atto,5
CB,CB12,Color,Natural,Natural,Onz,4
CB,CB12,Color,Natural,Natural,Stime,6
CB,CB12,Color,Natural,Natural,Enly,6
CB,CB12,Color,Natural,Natural,Blairo,7
CB,CB12,Color,ArtifactFC,ArtifactFC,Bewt,6
CB,CB12,Color,ArtifactFC,ArtifactNFC,Arn,7
CB,CB12,Color,ArtifactFC,ArtifactFC,Topee,3
CB,CB12,Color,ArtifactFC,ArtifactFC,Bollop,3
CB,CB12,Color,ArtifactFC,ArtifactFC,Reeka,7
CB,CB12,Color,ArtifactNFC,ArtifactNFC,Kanpa,2
CB,CB12,Color,ArtifactNFC,ArtifactNFC,Flut,3
CB,CB12,Color,ArtifactNFC,ArtifactNFC,Meepa,2
CB,CB12,Color,ArtifactNFC,ArtifactFC,Cano,2
CB,CB12,Color,ArtifactNFC,ArtifactNFC,Maxus,2
CB,CB12,Function,Natural,Natural,Koshi,4
CB,CB12,Function,Natural,Natural,Poom,6
CB,CB12,Function,Natural,Natural,Borg,2
CB,CB12,Function,Natural,Natural,Norpee,3
CB,CB12,Function,Natural,Natural,Irve,2
CB,CB12,Function,Artifact,Artifact,Xenop,4
CB,CB12,Function,Artifact,Artifact,Trint,6
CB,CB12,Function,Artifact,Artifact,Soof,5
CB,CB12,Function,Artifact,Artifact,Quag,5
CB,CB12,Function,Artifact,Artifact,Olan,5
CB,CB12,Filler,Artifact,Artifact,Gep,5
CB,CB12,Filler,Artifact,Artifact,Desh,5
CB,CB12,Filler,Artifact,Artifact,Nox,5
CB,CB12,Filler,Natural,Natural,Yobal,5
CB,CB12,Filler,Natural,Natural,Walla,7
CB,CB12,Filler,Natural,Natural,Chom,4
CB,CB12,Filler,Natural,Natural,Hyto,3
CB,CB12,Filler,Natural,Natural,Drapa,3
CB,CB12,Filler,Natural,Natural,Uzoo,5
CB,CB12,Filler,Natural,Natural,Jox,4
CB,CB13,Color,Natural,Natural,Atto,7
CB,CB13,Color,Natural,Natural,Onz,7
CB,CB13,Color,Natural,Natural,Stime,7
CB,CB13,Color,Natural,Natural,Enly,7
CB,CB13,Color,Natural,Natural,Blairo,7
CB,CB13,Color,ArtifactFC,ArtifactFC,Bewt,3
CB,CB13,Color,ArtifactFC,ArtifactNFC,Arn,7
CB,CB13,Color,ArtifactFC,ArtifactFC,Topee,7
CB,CB13,Color,ArtifactFC,ArtifactFC,Bollop,7
CB,CB13,Color,ArtifactFC,ArtifactFC,Reeka,5
CB,CB13,Color,ArtifactNFC,ArtifactNFC,Kanpa,3
CB,CB13,Color,ArtifactNFC,ArtifactNFC,Flut,7
CB,CB13,Color,ArtifactNFC,ArtifactNFC,Meepa,3
CB,CB13,Color,ArtifactNFC,ArtifactFC,Cano,3
CB,CB13,Color,ArtifactNFC,ArtifactNFC,Maxus,6
CB,CB13,Function,Natural,Natural,Koshi,3
CB,CB13,Function,Natural,Natural,Poom,2
CB,CB13,Function,Natural,Natural,Borg,4
CB,CB13,Function,Natural,Natural,Norpee,7
CB,CB13,Function,Natural,Natural,Irve,3
CB,CB13,Function,Artifact,Artifact,Xenop,6
CB,CB13,Function,Artifact,Artifact,Trint,7
CB,CB13,Function,Artifact,Artifact,Soof,6
CB,CB13,Function,Artifact,Artifact,Quag,3
CB,CB13,Function,Artifact,Artifact,Olan,2
CB,CB13,Filler,Artifact,Artifact,Gep,4
CB,CB13,Filler,Artifact,Artifact,Desh,4
CB,CB13,Filler,Artifact,Artifact,Nox,4
CB,CB13,Filler,Natural,Natural,Yobal,7
CB,CB13,Filler,Natural,Natural,Walla,7
CB,CB13,Filler,Natural,Natural,Chom,7
CB,CB13,Filler,Natural,Natural,Hyto,3
CB,CB13,Filler,Natural,Natural,Drapa,1
CB,CB13,Filler,Natural,Natural,Uzoo,3
CB,CB13,Filler,Natural,Natural,Jox,3
CB,CB14,Color,Natural,Natural,Atto,7
CB,CB14,Color,Natural,Natural,Onz,3
CB,CB14,Color,Natural,Natural,Stime,4
CB,CB14,Color,Natural,Natural,Enly,7
CB,CB14,Color,Natural,Natural,Blairo,7
CB,CB14,Color,ArtifactFC,ArtifactFC,Bewt,7
CB,CB14,Color,ArtifactFC,ArtifactNFC,Arn,4
CB,CB14,Color,ArtifactFC,ArtifactFC,Topee,5
CB,CB14,Color,ArtifactFC,ArtifactFC,Bollop,7
CB,CB14,Color,ArtifactFC,ArtifactFC,Reeka,7
CB,CB14,Color,ArtifactNFC,ArtifactNFC,Kanpa,5
CB,CB14,Color,ArtifactNFC,ArtifactNFC,Flut,4
CB,CB14,Color,ArtifactNFC,ArtifactNFC,Meepa,4
CB,CB14,Color,ArtifactNFC,ArtifactFC,Cano,5
CB,CB14,Color,ArtifactNFC,ArtifactNFC,Maxus,5
CB,CB14,Function,Natural,Natural,Koshi,5
CB,CB14,Function,Natural,Natural,Poom,5
CB,CB14,Function,Natural,Natural,Borg,6
CB,CB14,Function,Natural,Natural,Norpee,6
CB,CB14,Function,Natural,Natural,Irve,4
CB,CB14,Function,Artifact,Artifact,Xenop,6
CB,CB14,Function,Artifact,Artifact,Trint,7
CB,CB14,Function,Artifact,Artifact,Soof,7
CB,CB14,Function,Artifact,Artifact,Quag,7
CB,CB14,Function,Artifact,Artifact,Olan,7
CB,CB14,Filler,Artifact,Artifact,Gep,7
CB,CB14,Filler,Artifact,Artifact,Desh,5
CB,CB14,Filler,Artifact,Artifact,Nox,6
CB,CB14,Filler,Natural,Natural,Yobal,7
CB,CB14,Filler,Natural,Natural,Walla,7
CB,CB14,Filler,Natural,Natural,Chom,7
CB,CB14,Filler,Natural,Natural,Hyto,3
CB,CB14,Filler,Natural,Natural,Drapa,7
CB,CB14,Filler,Natural,Natural,Uzoo,7
CB,CB14,Filler,Natural,Natural,Jox,7
CB,CB15,Color,Natural,Natural,Atto,6
CB,CB15,Color,Natural,Natural,Onz,5
CB,CB15,Color,Natural,Natural,Stime,6
CB,CB15,Color,Natural,Natural,Enly,3
CB,CB15,Color,Natural,Natural,Blairo,6
CB,CB15,Color,ArtifactFC,ArtifactFC,Bewt,7
CB,CB15,Color,ArtifactFC,ArtifactNFC,Arn,6
CB,CB15,Color,ArtifactFC,ArtifactFC,Topee,7
CB,CB15,Color,ArtifactFC,ArtifactFC,Bollop,6
CB,CB15,Color,ArtifactFC,ArtifactFC,Reeka,3
CB,CB15,Color,ArtifactNFC,ArtifactNFC,Kanpa,3
CB,CB15,Color,ArtifactNFC,ArtifactNFC,Flut,3
CB,CB15,Color,ArtifactNFC,ArtifactNFC,Meepa,3
CB,CB15,Color,ArtifactNFC,ArtifactFC,Cano,4
CB,CB15,Color,ArtifactNFC,ArtifactNFC,Maxus,5
CB,CB15,Function,Natural,Natural,Koshi,3
CB,CB15,Function,Natural,Natural,Poom,4
CB,CB15,Function,Natural,Natural,Borg,3
CB,CB15,Function,Natural,Natural,Norpee,2
CB,CB15,Function,Natural,Natural,Irve,2
CB,CB15,Function,Artifact,Artifact,Xenop,6
CB,CB15,Function,Artifact,Artifact,Trint,5
CB,CB15,Function,Artifact,Artifact,Soof,6
CB,CB15,Function,Artifact,Artifact,Quag,3
CB,CB15,Function,Artifact,Artifact,Olan,6
CB,CB15,Filler,Artifact,Artifact,Gep,5
CB,CB15,Filler,Artifact,Artifact,Desh,2
CB,CB15,Filler,Artifact,Artifact,Nox,5
CB,CB15,Filler,Natural,Natural,Yobal,5
CB,CB15,Filler,Natural,Natural,Walla,6
CB,CB15,Filler,Natural,Natural,Chom,4
CB,CB15,Filler,Natural,Natural,Hyto,2
CB,CB15,Filler,Natural,Natural,Drapa,2
CB,CB15,Filler,Natural,Natural,Uzoo,5
CB,CB15,Filler,Natural,Natural,Jox,2
CB,CB16,Color,Natural,Natural,Atto,5
CB,CB16,Color,Natural,Natural,Onz,7
CB,CB16,Color,Natural,Natural,Stime,5
CB,CB16,Color,Natural,Natural,Enly,4
CB,CB16,Color,Natural,Natural,Blairo,7
CB,CB16,Color,ArtifactFC,ArtifactFC,Bewt,6
CB,CB16,Color,ArtifactFC,ArtifactNFC,Arn,7
CB,CB16,Color,ArtifactFC,ArtifactFC,Topee,2
CB,CB16,Color,ArtifactFC,ArtifactFC,Bollop,5
CB,CB16,Color,ArtifactFC,ArtifactFC,Reeka,3
CB,CB16,Color,ArtifactNFC,ArtifactNFC,Kanpa,7
CB,CB16,Color,ArtifactNFC,ArtifactNFC,Flut,6
CB,CB16,Color,ArtifactNFC,ArtifactNFC,Meepa,2
CB,CB16,Color,ArtifactNFC,ArtifactFC,Cano,2
CB,CB16,Color,ArtifactNFC,ArtifactNFC,Maxus,6
CB,CB16,Function,Natural,Natural,Koshi,5
CB,CB16,Function,Natural,Natural,Poom,5
CB,CB16,Function,Natural,Natural,Borg,3
CB,CB16,Function,Natural,Natural,Norpee,3
CB,CB16,Function,Natural,Natural,Irve,1
CB,CB16,Function,Artifact,Artifact,Xenop,1
CB,CB16,Function,Artifact,Artifact,Trint,7
CB,CB16,Function,Artifact,Artifact,Soof,7
CB,CB16,Function,Artifact,Artifact,Quag,3
CB,CB16,Function,Artifact,Artifact,Olan,6
CB,CB16,Filler,Artifact,Artifact,Gep,4
CB,CB16,Filler,Artifact,Artifact,Desh,6
CB,CB16,Filler,Artifact,Artifact,Nox,3
CB,CB16,Filler,Natural,Natural,Yobal,2
CB,CB16,Filler,Natural,Natural,Walla,7
CB,CB16,Filler,Natural,Natural,Chom,2
CB,CB16,Filler,Natural,Natural,Hyto,4
CB,CB16,Filler,Natural,Natural,Drapa,4
CB,CB16,Filler,Natural,Natural,Uzoo,6
CB,CB16,Filler,Natural,Natural,Jox,1
CB,CB17,Color,Natural,Natural,Atto,6
CB,CB17,Color,Natural,Natural,Onz,7
CB,CB17,Color,Natural,Natural,Stime,7
CB,CB17,Color,Natural,Natural,Enly,7
CB,CB17,Color,Natural,Natural,Blairo,7
CB,CB17,Color,ArtifactFC,ArtifactFC,Bewt,6
CB,CB17,Color,ArtifactFC,ArtifactNFC,Arn,4
CB,CB17,Color,ArtifactFC,ArtifactFC,Topee,7
CB,CB17,Color,ArtifactFC,ArtifactFC,Bollop,6
CB,CB17,Color,ArtifactFC,ArtifactFC,Reeka,5
CB,CB17,Color,ArtifactNFC,ArtifactNFC,Kanpa,3
CB,CB17,Color,ArtifactNFC,ArtifactNFC,Flut,2
CB,CB17,Color,ArtifactNFC,ArtifactNFC,Meepa,3
CB,CB17,Color,ArtifactNFC,ArtifactFC,Cano,3
CB,CB17,Color,ArtifactNFC,ArtifactNFC,Maxus,3
CB,CB17,Function,Natural,Natural,Koshi,1
CB,CB17,Function,Natural,Natural,Poom,2
CB,CB17,Function,Natural,Natural,Borg,2
CB,CB17,Function,Natural,Natural,Norpee,2
CB,CB17,Function,Natural,Natural,Irve,1
CB,CB17,Function,Artifact,Artifact,Xenop,6
CB,CB17,Function,Artifact,Artifact,Trint,5
CB,CB17,Function,Artifact,Artifact,Soof,5
CB,CB17,Function,Artifact,Artifact,Quag,3
CB,CB17,Function,Artifact,Artifact,Olan,6
CB,CB17,Filler,Artifact,Artifact,Gep,6
CB,CB17,Filler,Artifact,Artifact,Desh,2
CB,CB17,Filler,Artifact,Artifact,Nox,3
CB,CB17,Filler,Natural,Natural,Yobal,7
CB,CB17,Filler,Natural,Natural,Walla,7
CB,CB17,Filler,Natural,Natural,Chom,5
CB,CB17,Filler,Natural,Natural,Hyto,2
CB,CB17,Filler,Natural,Natural,Drapa,5
CB,CB17,Filler,Natural,Natural,Uzoo,5
CB,CB17,Filler,Natural,Natural,Jox,3
CB,CB18,Color,Natural,Natural,Atto,6
CB,CB18,Color,Natural,Natural,Onz,5
CB,CB18,Color,Natural,Natural,Stime,6
CB,CB18,Color,Natural,Natural,Enly,5
CB,CB18,Color,Natural,Natural,Blairo,6
CB,CB18,Color,ArtifactFC,ArtifactFC,Bewt,2
CB,CB18,Color,ArtifactFC,ArtifactNFC,Arn,5
CB,CB18,Color,ArtifactFC,ArtifactFC,Topee,7
CB,CB18,Color,ArtifactFC,ArtifactFC,Bollop,7
CB,CB18,Color,ArtifactFC,ArtifactFC,Reeka,7
CB,CB18,Color,ArtifactNFC,ArtifactNFC,Kanpa,1
CB,CB18,Color,ArtifactNFC,ArtifactNFC,Flut,3
CB,CB18,Color,ArtifactNFC,ArtifactNFC,Meepa,2
CB,CB18,Color,ArtifactNFC,ArtifactFC,Cano,1
CB,CB18,Color,ArtifactNFC,ArtifactNFC,Maxus,2
CB,CB18,Function,Natural,Natural,Koshi,2
CB,CB18,Function,Natural,Natural,Poom,3
CB,CB18,Function,Natural,Natural,Borg,2
CB,CB18,Function,Natural,Natural,Norpee,3
CB,CB18,Function,Natural,Natural,Irve,1
CB,CB18,Function,Artifact,Artifact,Xenop,5
CB,CB18,Function,Artifact,Artifact,Trint,7
CB,CB18,Function,Artifact,Artifact,Soof,7
CB,CB18,Function,Artifact,Artifact,Quag,7
CB,CB18,Function,Artifact,Artifact,Olan,7
CB,CB18,Filler,Artifact,Artifact,Gep,5
CB,CB18,Filler,Artifact,Artifact,Desh,7
CB,CB18,Filler,Artifact,Artifact,Nox,4
CB,CB18,Filler,Natural,Natural,Yobal,6
CB,CB18,Filler,Natural,Natural,Walla,6
CB,CB18,Filler,Natural,Natural,Chom,5
CB,CB18,Filler,Natural,Natural,Hyto,2
CB,CB18,Filler,Natural,Natural,Drapa,7
CB,CB18,Filler,Natural,Natural,Uzoo,3
CB,CB18,Filler,Natural,Natural,Jox,2
CB,CB19,Color,Natural,Natural,Atto,6
CB,CB19,Color,Natural,Natural,Onz,6
CB,CB19,Color,Natural,Natural,Stime,6
CB,CB19,Color,Natural,Natural,Enly,6
CB,CB19,Color,Natural,Natural,Blairo,6
CB,CB19,Color,ArtifactFC,ArtifactFC,Bewt,7
CB,CB19,Color,ArtifactFC,ArtifactNFC,Arn,6
CB,CB19,Color,ArtifactFC,ArtifactFC,Topee,7
CB,CB19,Color,ArtifactFC,ArtifactFC,Bollop,6
CB,CB19,Color,ArtifactFC,ArtifactFC,Reeka,7
CB,CB19,Color,ArtifactNFC,ArtifactNFC,Kanpa,4
CB,CB19,Color,ArtifactNFC,ArtifactNFC,Flut,5
CB,CB19,Color,ArtifactNFC,ArtifactNFC,Meepa,4
CB,CB19,Color,ArtifactNFC,ArtifactFC,Cano,6
CB,CB19,Color,ArtifactNFC,ArtifactNFC,Maxus,5
CB,CB19,Function,Natural,Natural,Koshi,2
CB,CB19,Function,Natural,Natural,Poom,4
CB,CB19,Function,Natural,Natural,Borg,2
CB,CB19,Function,Natural,Natural,Norpee,4
CB,CB19,Function,Natural,Natural,Irve,3
CB,CB19,Function,Artifact,Artifact,Xenop,4
CB,CB19,Function,Artifact,Artifact,Trint,7
CB,CB19,Function,Artifact,Artifact,Soof,7
CB,CB19,Function,Artifact,Artifact,Quag,5
CB,CB19,Function,Artifact,Artifact,Olan,7
CB,CB19,Filler,Artifact,Artifact,Gep,6
CB,CB19,Filler,Artifact,Artifact,Desh,7
CB,CB19,Filler,Artifact,Artifact,Nox,5
CB,CB19,Filler,Natural,Natural,Yobal,7
CB,CB19,Filler,Natural,Natural,Walla,6
CB,CB19,Filler,Natural,Natural,Chom,6
CB,CB19,Filler,Natural,Natural,Hyto,3
CB,CB19,Filler,Natural,Natural,Drapa,6
CB,CB19,Filler,Natural,Natural,Uzoo,5
CB,CB19,Filler,Natural,Natural,Jox,5
CB,CB20,Color,Natural,Natural,Atto,7
CB,CB20,Color,Natural,Natural,Onz,5
CB,CB20,Color,Natural,Natural,Stime,7
CB,CB20,Color,Natural,Natural,Enly,5
CB,CB20,Color,Natural,Natural,Blairo,7
CB,CB20,Color,ArtifactFC,ArtifactFC,Bewt,7
CB,CB20,Color,ArtifactFC,ArtifactNFC,Arn,5
CB,CB20,Color,ArtifactFC,ArtifactFC,Topee,7
CB,CB20,Color,ArtifactFC,ArtifactFC,Bollop,5
CB,CB20,Color,ArtifactFC,ArtifactFC,Reeka,7
CB,CB20,Color,ArtifactNFC,ArtifactNFC,Kanpa,5
CB,CB20,Color,ArtifactNFC,ArtifactNFC,Flut,5
CB,CB20,Color,ArtifactNFC,ArtifactNFC,Meepa,5
CB,CB20,Color,ArtifactNFC,ArtifactFC,Cano,5
CB,CB20,Color,ArtifactNFC,ArtifactNFC,Maxus,5
CB,CB20,Function,Natural,Natural,Koshi,5
CB,CB20,Function,Natural,Natural,Poom,3
CB,CB20,Function,Natural,Natural,Borg,5
CB,CB20,Function,Natural,Natural,Norpee,3
CB,CB20,Function,Natural,Natural,Irve,7
CB,CB20,Function,Artifact,Artifact,Xenop,7
CB,CB20,Function,Artifact,Artifact,Trint,7
CB,CB20,Function,Artifact,Artifact,Soof,7
CB,CB20,Function,Artifact,Artifact,Quag,7
CB,CB20,Function,Artifact,Artifact,Olan,7
CB,CB20,Filler,Artifact,Artifact,Gep,7
CB,CB20,Filler,Artifact,Artifact,Desh,7
CB,CB20,Filler,Artifact,Artifact,Nox,7
CB,CB20,Filler,Natural,Natural,Yobal,7
CB,CB20,Filler,Natural,Natural,Walla,5
CB,CB20,Filler,Natural,Natural,Chom,7
CB,CB20,Filler,Natural,Natural,Hyto,7
CB,CB20,Filler,Natural,Natural,Drapa,7
CB,CB20,Filler,Natural,Natural,Uzoo,7
CB,CB20,Filler,Natural,Natural,Jox,5
S,S1,Color,Natural,Natural,Atto,7
S,S1,Color,Natural,Natural,Onz,6
S,S1,Color,Natural,Natural,Stime,5
S,S1,Color,Natural,Natural,Enly,6
S,S1,Color,Natural,Natural,Blairo,5
S,S1,Color,ArtifactFC,ArtifactFC,Bewt,7
S,S1,Color,ArtifactFC,ArtifactNFC,Arn,5
S,S1,Color,ArtifactFC,ArtifactFC,Topee,7
S,S1,Color,ArtifactFC,ArtifactFC,Bollop,4
S,S1,Color,ArtifactFC,ArtifactFC,Reeka,6
S,S1,Color,ArtifactNFC,ArtifactNFC,Kanpa,5
S,S1,Color,ArtifactNFC,ArtifactNFC,Flut,4
S,S1,Color,ArtifactNFC,ArtifactNFC,Meepa,5
S,S1,Color,ArtifactNFC,ArtifactFC,Cano,4
S,S1,Color,ArtifactNFC,ArtifactNFC,Maxus,3
S,S1,Function,Natural,Natural,Koshi,5
S,S1,Function,Natural,Natural,Poom,3
S,S1,Function,Natural,Natural,Borg,2
S,S1,Function,Natural,Natural,Norpee,3
S,S1,Function,Natural,Natural,Irve,5
S,S1,Function,Artifact,Artifact,Xenop,7
S,S1,Function,Artifact,Artifact,Trint,6
S,S1,Function,Artifact,Artifact,Soof,6
S,S1,Function,Artifact,Artifact,Quag,5
S,S1,Function,Artifact,Artifact,Olan,6
S,S1,Filler,Artifact,Artifact,Gep,5
S,S1,Filler,Artifact,Artifact,Desh,6
S,S1,Filler,Artifact,Artifact,Nox,4
S,S1,Filler,Natural,Natural,Yobal,5
S,S1,Filler,Natural,Natural,Walla,7
S,S1,Filler,Natural,Natural,Chom,2
S,S1,Filler,Natural,Natural,Hyto,2
S,S1,Filler,Natural,Natural,Drapa,2
S,S1,Filler,Natural,Natural,Uzoo,3
S,S1,Filler,Natural,Natural,Jox,3
S,S2,Color,Natural,Natural,Atto,7
S,S2,Color,Natural,Natural,Onz,6
S,S2,Color,Natural,Natural,Stime,6
S,S2,Color,Natural,Natural,Enly,6
S,S2,Color,Natural,Natural,Blairo,6
S,S2,Color,ArtifactFC,ArtifactFC,Bewt,7
S,S2,Color,ArtifactFC,ArtifactNFC,Arn,5
S,S2,Color,ArtifactFC,ArtifactFC,Topee,7
S,S2,Color,ArtifactFC,ArtifactFC,Bollop,5
S,S2,Color,ArtifactFC,ArtifactFC,Reeka,7
S,S2,Color,ArtifactNFC,ArtifactNFC,Kanpa,3
S,S2,Color,ArtifactNFC,ArtifactNFC,Flut,3
S,S2,Color,ArtifactNFC,ArtifactNFC,Meepa,2
S,S2,Color,ArtifactNFC,ArtifactFC,Cano,4
S,S2,Color,ArtifactNFC,ArtifactNFC,Maxus,4
S,S2,Function,Natural,Natural,Koshi,2
S,S2,Function,Natural,Natural,Poom,1
S,S2,Function,Natural,Natural,Borg,2
S,S2,Function,Natural,Natural,Norpee,4
S,S2,Function,Natural,Natural,Irve,1
S,S2,Function,Artifact,Artifact,Xenop,7
S,S2,Function,Artifact,Artifact,Trint,7
S,S2,Function,Artifact,Artifact,Soof,7
S,S2,Function,Artifact,Artifact,Quag,7
S,S2,Function,Artifact,Artifact,Olan,7
S,S2,Filler,Artifact,Artifact,Gep,5
S,S2,Filler,Artifact,Artifact,Desh,3
S,S2,Filler,Artifact,Artifact,Nox,3
S,S2,Filler,Natural,Natural,Yobal,7
S,S2,Filler,Natural,Natural,Walla,7
S,S2,Filler,Natural,Natural,Chom,5
S,S2,Filler,Natural,Natural,Hyto,3
S,S2,Filler,Natural,Natural,Drapa,7
S,S2,Filler,Natural,Natural,Uzoo,5
S,S2,Filler,Natural,Natural,Jox,5
S,S3,Color,Natural,Natural,Atto,6
S,S3,Color,Natural,Natural,Onz,6
S,S3,Color,Natural,Natural,Stime,5
S,S3,Color,Natural,Natural,Enly,7
S,S3,Color,Natural,Natural,Blairo,6
S,S3,Color,ArtifactFC,ArtifactFC,Bewt,5
S,S3,Color,ArtifactFC,ArtifactNFC,Arn,4
S,S3,Color,ArtifactFC,ArtifactFC,Topee,6
S,S3,Color,ArtifactFC,ArtifactFC,Bollop,6
S,S3,Color,ArtifactFC,ArtifactFC,Reeka,6
S,S3,Color,ArtifactNFC,ArtifactNFC,Kanpa,2
S,S3,Color,ArtifactNFC,ArtifactNFC,Flut,5
S,S3,Color,ArtifactNFC,ArtifactNFC,Meepa,4
S,S3,Color,ArtifactNFC,ArtifactFC,Cano,3
S,S3,Color,ArtifactNFC,ArtifactNFC,Maxus,5
S,S3,Function,Natural,Natural,Koshi,5
S,S3,Function,Natural,Natural,Poom,2
S,S3,Function,Natural,Natural,Borg,3
S,S3,Function,Natural,Natural,Norpee,3
S,S3,Function,Natural,Natural,Irve,3
S,S3,Function,Artifact,Artifact,Xenop,2
S,S3,Function,Artifact,Artifact,Trint,7
S,S3,Function,Artifact,Artifact,Soof,6
S,S3,Function,Artifact,Artifact,Quag,2
S,S3,Function,Artifact,Artifact,Olan,5
S,S3,Filler,Artifact,Artifact,Gep,5
S,S3,Filler,Artifact,Artifact,Desh,1
S,S3,Filler,Artifact,Artifact,Nox,4
S,S3,Filler,Natural,Natural,Yobal,6
S,S3,Filler,Natural,Natural,Walla,7
S,S3,Filler,Natural,Natural,Chom,3
S,S3,Filler,Natural,Natural,Hyto,3
S,S3,Filler,Natural,Natural,Drapa,2
S,S3,Filler,Natural,Natural,Uzoo,5
S,S3,Filler,Natural,Natural,Jox,4
S,S4,Color,Natural,Natural,Atto,5
S,S4,Color,Natural,Natural,Onz,5
S,S4,Color,Natural,Natural,Stime,6
S,S4,Color,Natural,Natural,Enly,5
S,S4,Color,Natural,Natural,Blairo,6
S,S4,Color,ArtifactFC,ArtifactFC,Bewt,6
S,S4,Color,ArtifactFC,ArtifactNFC,Arn,4
S,S4,Color,ArtifactFC,ArtifactFC,Topee,7
S,S4,Color,ArtifactFC,ArtifactFC,Bollop,5
S,S4,Color,ArtifactFC,ArtifactFC,Reeka,5
S,S4,Color,ArtifactNFC,ArtifactNFC,Kanpa,3
S,S4,Color,ArtifactNFC,ArtifactNFC,Flut,4
S,S4,Color,ArtifactNFC,ArtifactNFC,Meepa,4
S,S4,Color,ArtifactNFC,ArtifactFC,Cano,4
S,S4,Color,ArtifactNFC,ArtifactNFC,Maxus,4
S,S4,Function,Natural,Natural,Koshi,4
S,S4,Function,Natural,Natural,Poom,2
S,S4,Function,Natural,Natural,Borg,2
S,S4,Function,Natural,Natural,Norpee,3
S,S4,Function,Natural,Natural,Irve,3
S,S4,Function,Artifact,Artifact,Xenop,5
S,S4,Function,Artifact,Artifact,Trint,6
S,S4,Function,Artifact,Artifact,Soof,6
S,S4,Function,Artifact,Artifact,Quag,6
S,S4,Function,Artifact,Artifact,Olan,6
S,S4,Filler,Artifact,Artifact,Gep,5
S,S4,Filler,Artifact,Artifact,Desh,3
S,S4,Filler,Artifact,Artifact,Nox,4
S,S4,Filler,Natural,Natural,Yobal,7
S,S4,Filler,Natural,Natural,Walla,6
S,S4,Filler,Natural,Natural,Chom,5
S,S4,Filler,Natural,Natural,Hyto,3
S,S4,Filler,Natural,Natural,Drapa,2
S,S4,Filler,Natural,Natural,Uzoo,2
S,S4,Filler,Natural,Natural,Jox,5
S,S5,Color,Natural,Natural,Atto,7
S,S5,Color,Natural,Natural,Onz,6
S,S5,Color,Natural,Natural,Stime,7
S,S5,Color,Natural,Natural,Enly,5
S,S5,Color,Natural,Natural,Blairo,6
S,S5,Color,ArtifactFC,ArtifactFC,Bewt,7
S,S5,Color,ArtifactFC,ArtifactNFC,Arn,6
S,S5,Color,ArtifactFC,ArtifactFC,Topee,7
S,S5,Color,ArtifactFC,ArtifactFC,Bollop,6
S,S5,Color,ArtifactFC,ArtifactFC,Reeka,6
S,S5,Color,ArtifactNFC,ArtifactNFC,Kanpa,5
S,S5,Color,ArtifactNFC,ArtifactNFC,Flut,6
S,S5,Color,ArtifactNFC,ArtifactNFC,Meepa,4
S,S5,Color,ArtifactNFC,ArtifactFC,Cano,6
S,S5,Color,ArtifactNFC,ArtifactNFC,Maxus,4
S,S5,Function,Natural,Natural,Koshi,3
S,S5,Function,Natural,Natural,Poom,4
S,S5,Function,Natural,Natural,Borg,4
S,S5,Function,Natural,Natural,Norpee,5
S,S5,Function,Natural,Natural,Irve,2
S,S5,Function,Artifact,Artifact,Xenop,7
S,S5,Function,Artifact,Artifact,Trint,7
S,S5,Function,Artifact,Artifact,Soof,5
S,S5,Function,Artifact,Artifact,Quag,6
S,S5,Function,Artifact,Artifact,Olan,7
S,S5,Filler,Artifact,Artifact,Gep,7
S,S5,Filler,Artifact,Artifact,Desh,6
S,S5,Filler,Artifact,Artifact,Nox,6
S,S5,Filler,Natural,Natural,Yobal,7
S,S5,Filler,Natural,Natural,Walla,7
S,S5,Filler,Natural,Natural,Chom,6
S,S5,Filler,Natural,Natural,Hyto,3
S,S5,Filler,Natural,Natural,Drapa,7
S,S5,Filler,Natural,Natural,Uzoo,2
S,S5,Filler,Natural,Natural,Jox,6
S,S6,Color,Natural,Natural,Atto,7
S,S6,Color,Natural,Natural,Onz,6
S,S6,Color,Natural,Natural,Stime,7
S,S6,Color,Natural,Natural,Enly,6
S,S6,Color,Natural,Natural,Blairo,7
S,S6,Color,ArtifactFC,ArtifactFC,Bewt,7
S,S6,Color,ArtifactFC,ArtifactNFC,Arn,3
S,S6,Color,ArtifactFC,ArtifactFC,Topee,6
S,S6,Color,ArtifactFC,ArtifactFC,Bollop,6
S,S6,Color,ArtifactFC,ArtifactFC,Reeka,5
S,S6,Color,ArtifactNFC,ArtifactNFC,Kanpa,3
S,S6,Color,ArtifactNFC,ArtifactNFC,Flut,5
S,S6,Color,ArtifactNFC,ArtifactNFC,Meepa,3
S,S6,Color,ArtifactNFC,ArtifactFC,Cano,7
S,S6,Color,ArtifactNFC,ArtifactNFC,Maxus,4
S,S6,Function,Natural,Natural,Koshi,3
S,S6,Function,Natural,Natural,Poom,2
S,S6,Function,Natural,Natural,Borg,1
S,S6,Function,Natural,Natural,Norpee,2
S,S6,Function,Natural,Natural,Irve,1
S,S6,Function,Artifact,Artifact,Xenop,6
S,S6,Function,Artifact,Artifact,Trint,6
S,S6,Function,Artifact,Artifact,Soof,5
S,S6,Function,Artifact,Artifact,Quag,6
S,S6,Function,Artifact,Artifact,Olan,7
S,S6,Filler,Artifact,Artifact,Gep,6
S,S6,Filler,Artifact,Artifact,Desh,4
S,S6,Filler,Artifact,Artifact,Nox,6
S,S6,Filler,Natural,Natural,Yobal,7
S,S6,Filler,Natural,Natural,Walla,7
S,S6,Filler,Natural,Natural,Chom,7
S,S6,Filler,Natural,Natural,Hyto,3
S,S6,Filler,Natural,Natural,Drapa,7
S,S6,Filler,Natural,Natural,Uzoo,1
S,S6,Filler,Natural,Natural,Jox,7
S,S7,Color,Natural,Natural,Atto,6
S,S7,Color,Natural,Natural,Onz,6
S,S7,Color,Natural,Natural,Stime,6
S,S7,Color,Natural,Natural,Enly,6
S,S7,Color,Natural,Natural,Blairo,5
S,S7,Color,ArtifactFC,ArtifactFC,Bewt,4
S,S7,Color,ArtifactFC,ArtifactNFC,Arn,3
S,S7,Color,ArtifactFC,ArtifactFC,Topee,7
S,S7,Color,ArtifactFC,ArtifactFC,Bollop,4
S,S7,Color,ArtifactFC,ArtifactFC,Reeka,1
S,S7,Color,ArtifactNFC,ArtifactNFC,Kanpa,2
S,S7,Color,ArtifactNFC,ArtifactNFC,Flut,2
S,S7,Color,ArtifactNFC,ArtifactNFC,Meepa,2
S,S7,Color,ArtifactNFC,ArtifactFC,Cano,4
S,S7,Color,ArtifactNFC,ArtifactNFC,Maxus,3
S,S7,Function,Natural,Natural,Koshi,2
S,S7,Function,Natural,Natural,Poom,2
S,S7,Function,Natural,Natural,Borg,2
S,S7,Function,Natural,Natural,Norpee,4
S,S7,Function,Natural,Natural,Irve,4
S,S7,Function,Artifact,Artifact,Xenop,5
S,S7,Function,Artifact,Artifact,Trint,5
S,S7,Function,Artifact,Artifact,Soof,6
S,S7,Function,Artifact,Artifact,Quag,4
S,S7,Function,Artifact,Artifact,Olan,5
S,S7,Filler,Artifact,Artifact,Gep,6
S,S7,Filler,Artifact,Artifact,Desh,3
S,S7,Filler,Artifact,Artifact,Nox,5
S,S7,Filler,Natural,Natural,Yobal,7
S,S7,Filler,Natural,Natural,Walla,7
S,S7,Filler,Natural,Natural,Chom,4
S,S7,Filler,Natural,Natural,Hyto,3
S,S7,Filler,Natural,Natural,Drapa,1
S,S7,Filler,Natural,Natural,Uzoo,2
S,S7,Filler,Natural,Natural,Jox,7
S,S8,Color,Natural,Natural,Atto,5
S,S8,Color,Natural,Natural,Onz,2
S,S8,Color,Natural,Natural,Stime,7
S,S8,Color,Natural,Natural,Enly,4
S,S8,Color,Natural,Natural,Blairo,6
S,S8,Color,ArtifactFC,ArtifactFC,Bewt,7
S,S8,Color,ArtifactFC,ArtifactNFC,Arn,7
S,S8,Color,ArtifactFC,ArtifactFC,Topee,7
S,S8,Color,ArtifactFC,ArtifactFC,Bollop,7
S,S8,Color,ArtifactFC,ArtifactFC,Reeka,5
S,S8,Color,ArtifactNFC,ArtifactNFC,Kanpa,2
S,S8,Color,ArtifactNFC,ArtifactNFC,Flut,4
S,S8,Color,ArtifactNFC,ArtifactNFC,Meepa,5
S,S8,Color,ArtifactNFC,ArtifactFC,Cano,3
S,S8,Color,ArtifactNFC,ArtifactNFC,Maxus,5
S,S8,Function,Natural,Natural,Koshi,1
S,S8,Function,Natural,Natural,Poom,4
S,S8,Function,Natural,Natural,Borg,1
S,S8,Function,Natural,Natural,Norpee,4
S,S8,Function,Natural,Natural,Irve,2
S,S8,Function,Artifact,Artifact,Xenop,4
S,S8,Function,Artifact,Artifact,Trint,7
S,S8,Function,Artifact,Artifact,Soof,7
S,S8,Function,Artifact,Artifact,Quag,7
S,S8,Function,Artifact,Artifact,Olan,2
S,S8,Filler,Artifact,Artifact,Gep,5
S,S8,Filler,Artifact,Artifact,Desh,4
S,S8,Filler,Artifact,Artifact,Nox,4
S,S8,Filler,Natural,Natural,Yobal,7
S,S8,Filler,Natural,Natural,Walla,4
S,S8,Filler,Natural,Natural,Chom,3
S,S8,Filler,Natural,Natural,Hyto,5
S,S8,Filler,Natural,Natural,Drapa,7
S,S8,Filler,Natural,Natural,Uzoo,6
S,S8,Filler,Natural,Natural,Jox,4
S,S9,Color,Natural,Natural,Atto,3
S,S9,Color,Natural,Natural,Onz,6
S,S9,Color,Natural,Natural,Stime,6
S,S9,Color,Natural,Natural,Enly,7
S,S9,Color,Natural,Natural,Blairo,4
S,S9,Color,ArtifactFC,ArtifactFC,Bewt,7
S,S9,Color,ArtifactFC,ArtifactNFC,Arn,4
S,S9,Color,ArtifactFC,ArtifactFC,Topee,5
S,S9,Color,ArtifactFC,ArtifactFC,Bollop,4
S,S9,Color,ArtifactFC,ArtifactFC,Reeka,5
S,S9,Color,ArtifactNFC,ArtifactNFC,Kanpa,5
S,S9,Color,ArtifactNFC,ArtifactNFC,Flut,6
S,S9,Color,ArtifactNFC,ArtifactNFC,Meepa,5
S,S9,Color,ArtifactNFC,ArtifactFC,Cano,6
S,S9,Color,ArtifactNFC,ArtifactNFC,Maxus,6
S,S9,Function,Natural,Natural,Koshi,3
S,S9,Function,Natural,Natural,Poom,4
S,S9,Function,Natural,Natural,Borg,3
S,S9,Function,Natural,Natural,Norpee,6
S,S9,Function,Natural,Natural,Irve,3
S,S9,Function,Artifact,Artifact,Xenop,3
S,S9,Function,Artifact,Artifact,Trint,6
S,S9,Function,Artifact,Artifact,Soof,6
S,S9,Function,Artifact,Artifact,Quag,5
S,S9,Function,Artifact,Artifact,Olan,6
S,S9,Filler,Artifact,Artifact,Gep,6
S,S9,Filler,Artifact,Artifact,Desh,4
S,S9,Filler,Artifact,Artifact,Nox,5
S,S9,Filler,Natural,Natural,Yobal,7
S,S9,Filler,Natural,Natural,Walla,7
S,S9,Filler,Natural,Natural,Chom,7
S,S9,Filler,Natural,Natural,Hyto,4
S,S9,Filler,Natural,Natural,Drapa,2
S,S9,Filler,Natural,Natural,Uzoo,4
S,S9,Filler,Natural,Natural,Jox,3
S,S10,Color,Natural,Natural,Atto,5
S,S10,Color,Natural,Natural,Onz,7
S,S10,Color,Natural,Natural,Stime,6
S,S10,Color,Natural,Natural,Enly,5
S,S10,Color,Natural,Natural,Blairo,6
S,S10,Color,ArtifactFC,ArtifactFC,Bewt,6
S,S10,Color,ArtifactFC,ArtifactNFC,Arn,6
S,S10,Color,ArtifactFC,ArtifactFC,Topee,6
S,S10,Color,ArtifactFC,ArtifactFC,Bollop,3
S,S10,Color,ArtifactFC,ArtifactFC,Reeka,4
S,S10,Color,ArtifactNFC,ArtifactNFC,Kanpa,2
S,S10,Color,ArtifactNFC,ArtifactNFC,Flut,2
S,S10,Color,ArtifactNFC,ArtifactNFC,Meepa,2
S,S10,Color,ArtifactNFC,ArtifactFC,Cano,3
S,S10,Color,ArtifactNFC,ArtifactNFC,Maxus,2
S,S10,Function,Natural,Natural,Koshi,2
S,S10,Function,Natural,Natural,Poom,3
S,S10,Function,Natural,Natural,Borg,1
S,S10,Function,Natural,Natural,Norpee,3
S,S10,Function,Natural,Natural,Irve,1
S,S10,Function,Artifact,Artifact,Xenop,5
S,S10,Function,Artifact,Artifact,Trint,7
S,S10,Function,Artifact,Artifact,Soof,7
S,S10,Function,Artifact,Artifact,Quag,6
S,S10,Function,Artifact,Artifact,Olan,4
S,S10,Filler,Artifact,Artifact,Gep,5
S,S10,Filler,Artifact,Artifact,Desh,5
S,S10,Filler,Artifact,Artifact,Nox,4
S,S10,Filler,Natural,Natural,Yobal,6
S,S10,Filler,Natural,Natural,Walla,5
S,S10,Filler,Natural,Natural,Chom,4
S,S10,Filler,Natural,Natural,Hyto,2
S,S10,Filler,Natural,Natural,Drapa,3
S,S10,Filler,Natural,Natural,Uzoo,4
S,S10,Filler,Natural,Natural,Jox,4
S,S11,Color,Natural,Natural,Atto,5
S,S11,Color,Natural,Natural,Onz,6
S,S11,Color,Natural,Natural,Stime,3
S,S11,Color,Natural,Natural,Enly,6
S,S11,Color,Natural,Natural,Blairo,4
S,S11,Color,ArtifactFC,ArtifactFC,Bewt,7
S,S11,Color,ArtifactFC,ArtifactNFC,Arn,6
S,S11,Color,ArtifactFC,ArtifactFC,Topee,6
S,S11,Color,ArtifactFC,ArtifactFC,Bollop,3
S,S11,Color,ArtifactFC,ArtifactFC,Reeka,7
S,S11,Color,ArtifactNFC,ArtifactNFC,Kanpa,1
S,S11,Color,ArtifactNFC,ArtifactNFC,Flut,7
S,S11,Color,ArtifactNFC,ArtifactNFC,Meepa,3
S,S11,Color,ArtifactNFC,ArtifactFC,Cano,7
S,S11,Color,ArtifactNFC,ArtifactNFC,Maxus,5
S,S11,Function,Natural,Natural,Koshi,1
S,S11,Function,Natural,Natural,Poom,2
S,S11,Function,Natural,Natural,Borg,2
S,S11,Function,Natural,Natural,Norpee,5
S,S11,Function,Natural,Natural,Irve,2
S,S11,Function,Artifact,Artifact,Xenop,7
S,S11,Function,Artifact,Artifact,Trint,7
S,S11,Function,Artifact,Artifact,Soof,7
S,S11,Function,Artifact,Artifact,Quag,7
S,S11,Function,Artifact,Artifact,Olan,7
S,S11,Filler,Artifact,Artifact,Gep,7
S,S11,Filler,Artifact,Artifact,Desh,3
S,S11,Filler,Artifact,Artifact,Nox,4
S,S11,Filler,Natural,Natural,Yobal,7
S,S11,Filler,Natural,Natural,Walla,7
S,S11,Filler,Natural,Natural,Chom,6
S,S11,Filler,Natural,Natural,Hyto,7
S,S11,Filler,Natural,Natural,Drapa,5
S,S11,Filler,Natural,Natural,Uzoo,7
S,S11,Filler,Natural,Natural,Jox,6
S,S12,Color,Natural,Natural,Atto,7
S,S12,Color,Natural,Natural,Onz,4
S,S12,Color,Natural,Natural,Stime,4
S,S12,Color,Natural,Natural,Enly,5
S,S12,Color,Natural,Natural,Blairo,4
S,S12,Color,ArtifactFC,ArtifactFC,Bewt,5
S,S12,Color,ArtifactFC,ArtifactNFC,Arn,4
S,S12,Color,ArtifactFC,ArtifactFC,Topee,5
S,S12,Color,ArtifactFC,ArtifactFC,Bollop,3
S,S12,Color,ArtifactFC,ArtifactFC,Reeka,5
S,S12,Color,ArtifactNFC,ArtifactNFC,Kanpa,1
S,S12,Color,ArtifactNFC,ArtifactNFC,Flut,2
S,S12,Color,ArtifactNFC,ArtifactNFC,Meepa,2
S,S12,Color,ArtifactNFC,ArtifactFC,Cano,3
S,S12,Color,ArtifactNFC,ArtifactNFC,Maxus,5
S,S12,Function,Natural,Natural,Koshi,2
S,S12,Function,Natural,Natural,Poom,4
S,S12,Function,Natural,Natural,Borg,2
S,S12,Function,Natural,Natural,Norpee,3
S,S12,Function,Natural,Natural,Irve,2
S,S12,Function,Artifact,Artifact,Xenop,3
S,S12,Function,Artifact,Artifact,Trint,4
S,S12,Function,Artifact,Artifact,Soof,4
S,S12,Function,Artifact,Artifact,Quag,5
S,S12,Function,Artifact,Artifact,Olan,3
S,S12,Filler,Artifact,Artifact,Gep,5
S,S12,Filler,Artifact,Artifact,Desh,1
S,S12,Filler,Artifact,Artifact,Nox,6
S,S12,Filler,Natural,Natural,Yobal,6
S,S12,Filler,Natural,Natural,Walla,6
S,S12,Filler,Natural,Natural,Chom,6
S,S12,Filler,Natural,Natural,Hyto,3
S,S12,Filler,Natural,Natural,Drapa,2
S,S12,Filler,Natural,Natural,Uzoo,6
S,S12,Filler,Natural,Natural,Jox,1
S,S13,Color,Natural,Natural,Atto,4
S,S13,Color,Natural,Natural,Onz,5
S,S13,Color,Natural,Natural,Stime,4
S,S13,Color,Natural,Natural,Enly,7
S,S13,Color,Natural,Natural,Blairo,4
S,S13,Color,ArtifactFC,ArtifactFC,Bewt,6
S,S13,Color,ArtifactFC,ArtifactNFC,Arn,5
S,S13,Color,ArtifactFC,ArtifactFC,Topee,7
S,S13,Color,ArtifactFC,ArtifactFC,Bollop,6
S,S13,Color,ArtifactFC,ArtifactFC,Reeka,6
S,S13,Color,ArtifactNFC,ArtifactNFC,Kanpa,2
S,S13,Color,ArtifactNFC,ArtifactNFC,Flut,2
S,S13,Color,ArtifactNFC,ArtifactNFC,Meepa,2
S,S13,Color,ArtifactNFC,ArtifactFC,Cano,3
S,S13,Color,ArtifactNFC,ArtifactNFC,Maxus,2
S,S13,Function,Natural,Natural,Koshi,1
S,S13,Function,Natural,Natural,Poom,3
S,S13,Function,Natural,Natural,Borg,1
S,S13,Function,Natural,Natural,Norpee,2
S,S13,Function,Natural,Natural,Irve,1
S,S13,Function,Artifact,Artifact,Xenop,5
S,S13,Function,Artifact,Artifact,Trint,7
S,S13,Function,Artifact,Artifact,Soof,5
S,S13,Function,Artifact,Artifact,Quag,5
S,S13,Function,Artifact,Artifact,Olan,7
S,S13,Filler,Artifact,Artifact,Gep,5
S,S13,Filler,Artifact,Artifact,Desh,3
S,S13,Filler,Artifact,Artifact,Nox,4
S,S13,Filler,Natural,Natural,Yobal,7
S,S13,Filler,Natural,Natural,Walla,5
S,S13,Filler,Natural,Natural,Chom,1
S,S13,Filler,Natural,Natural,Hyto,2
S,S13,Filler,Natural,Natural,Drapa,6
S,S13,Filler,Natural,Natural,Uzoo,6
S,S13,Filler,Natural,Natural,Jox,3
S,S14,Color,Natural,Natural,Atto,7
S,S14,Color,Natural,Natural,Onz,7
S,S14,Color,Natural,Natural,Stime,5
S,S14,Color,Natural,Natural,Enly,7
S,S14,Color,Natural,Natural,Blairo,7
S,S14,Color,ArtifactFC,ArtifactFC,Bewt,7
S,S14,Color,ArtifactFC,ArtifactNFC,Arn,7
S,S14,Color,ArtifactFC,ArtifactFC,Topee,6
S,S14,Color,ArtifactFC,ArtifactFC,Bollop,7
S,S14,Color,ArtifactFC,ArtifactFC,Reeka,7
S,S14,Color,ArtifactNFC,ArtifactNFC,Kanpa,7
S,S14,Color,ArtifactNFC,ArtifactNFC,Flut,6
S,S14,Color,ArtifactNFC,ArtifactNFC,Meepa,5
S,S14,Color,ArtifactNFC,ArtifactFC,Cano,5
S,S14,Color,ArtifactNFC,ArtifactNFC,Maxus,7
S,S14,Function,Natural,Natural,Koshi,7
S,S14,Function,Natural,Natural,Poom,4
S,S14,Function,Natural,Natural,Borg,6
S,S14,Function,Natural,Natural,Norpee,5
S,S14,Function,Natural,Natural,Irve,7
S,S14,Function,Artifact,Artifact,Xenop,4
S,S14,Function,Artifact,Artifact,Trint,7
S,S14,Function,Artifact,Artifact,Soof,7
S,S14,Function,Artifact,Artifact,Quag,6
S,S14,Function,Artifact,Artifact,Olan,6
S,S14,Filler,Artifact,Artifact,Gep,5
S,S14,Filler,Artifact,Artifact,Desh,1
S,S14,Filler,Artifact,Artifact,Nox,7
S,S14,Filler,Natural,Natural,Yobal,7
S,S14,Filler,Natural,Natural,Walla,7
S,S14,Filler,Natural,Natural,Chom,7
S,S14,Filler,Natural,Natural,Hyto,4
S,S14,Filler,Natural,Natural,Drapa,5
S,S14,Filler,Natural,Natural,Uzoo,5
S,S14,Filler,Natural,Natural,Jox,5
S,S15,Color,Natural,Natural,Atto,6
S,S15,Color,Natural,Natural,Onz,7
S,S15,Color,Natural,Natural,Stime,6
S,S15,Color,Natural,Natural,Enly,5
S,S15,Color,Natural,Natural,Blairo,6
S,S15,Color,ArtifactFC,ArtifactFC,Bewt,7
S,S15,Color,ArtifactFC,ArtifactNFC,Arn,5
S,S15,Color,ArtifactFC,ArtifactFC,Topee,7
S,S15,Color,ArtifactFC,ArtifactFC,Bollop,6
S,S15,Color,ArtifactFC,ArtifactFC,Reeka,6
S,S15,Color,ArtifactNFC,ArtifactNFC,Kanpa,4
S,S15,Color,ArtifactNFC,ArtifactNFC,Flut,5
S,S15,Color,ArtifactNFC,ArtifactNFC,Meepa,3
S,S15,Color,ArtifactNFC,ArtifactFC,Cano,5
S,S15,Color,ArtifactNFC,ArtifactNFC,Maxus,5
S,S15,Function,Natural,Natural,Koshi,3
S,S15,Function,Natural,Natural,Poom,2
S,S15,Function,Natural,Natural,Borg,1
S,S15,Function,Natural,Natural,Norpee,1
S,S15,Function,Natural,Natural,Irve,4
S,S15,Function,Artifact,Artifact,Xenop,6
S,S15,Function,Artifact,Artifact,Trint,6
S,S15,Function,Artifact,Artifact,Soof,7
S,S15,Function,Artifact,Artifact,Quag,7
S,S15,Function,Artifact,Artifact,Olan,7
S,S15,Filler,Artifact,Artifact,Gep,5
S,S15,Filler,Artifact,Artifact,Desh,4
S,S15,Filler,Artifact,Artifact,Nox,4
S,S15,Filler,Natural,Natural,Yobal,6
S,S15,Filler,Natural,Natural,Walla,5
S,S15,Filler,Natural,Natural,Chom,5
S,S15,Filler,Natural,Natural,Hyto,2
S,S15,Filler,Natural,Natural,Drapa,4
S,S15,Filler,Natural,Natural,Uzoo,5
S,S15,Filler,Natural,Natural,Jox,5
S,S16,Color,Natural,Natural,Atto,7
S,S16,Color,Natural,Natural,Onz,5
S,S16,Color,Natural,Natural,Stime,5
S,S16,Color,Natural,Natural,Enly,5
S,S16,Color,Natural,Natural,Blairo,5
S,S16,Color,ArtifactFC,ArtifactFC,Bewt,7
S,S16,Color,ArtifactFC,ArtifactNFC,Arn,6
S,S16,Color,ArtifactFC,ArtifactFC,Topee,6
S,S16,Color,ArtifactFC,ArtifactFC,Bollop,7
S,S16,Color,ArtifactFC,ArtifactFC,Reeka,7
S,S16,Color,ArtifactNFC,ArtifactNFC,Kanpa,1
S,S16,Color,ArtifactNFC,ArtifactNFC,Flut,2
S,S16,Color,ArtifactNFC,ArtifactNFC,Meepa,3
S,S16,Color,ArtifactNFC,ArtifactFC,Cano,6
S,S16,Color,ArtifactNFC,ArtifactNFC,Maxus,2
S,S16,Function,Natural,Natural,Koshi,4
S,S16,Function,Natural,Natural,Poom,5
S,S16,Function,Natural,Natural,Borg,3
S,S16,Function,Natural,Natural,Norpee,1
S,S16,Function,Natural,Natural,Irve,1
S,S16,Function,Artifact,Artifact,Xenop,7
S,S16,Function,Artifact,Artifact,Trint,7
S,S16,Function,Artifact,Artifact,Soof,2
S,S16,Function,Artifact,Artifact,Quag,6
S,S16,Function,Artifact,Artifact,Olan,5
S,S16,Filler,Artifact,Artifact,Gep,6
S,S16,Filler,Artifact,Artifact,Desh,1
S,S16,Filler,Artifact,Artifact,Nox,2
S,S16,Filler,Natural,Natural,Yobal,6
S,S16,Filler,Natural,Natural,Walla,6
S,S16,Filler,Natural,Natural,Chom,4
S,S16,Filler,Natural,Natural,Hyto,2
S,S16,Filler,Natural,Natural,Drapa,7
S,S16,Filler,Natural,Natural,Uzoo,4
S,S16,Filler,Natural,Natural,Jox,3
S,S17,Color,Natural,Natural,Atto,7
S,S17,Color,Natural,Natural,Onz,6
S,S17,Color,Natural,Natural,Stime,5
S,S17,Color,Natural,Natural,Enly,7
S,S17,Color,Natural,Natural,Blairo,6
S,S17,Color,ArtifactFC,ArtifactFC,Bewt,7
S,S17,Color,ArtifactFC,ArtifactNFC,Arn,6
S,S17,Color,ArtifactFC,ArtifactFC,Topee,7
S,S17,Color,ArtifactFC,ArtifactFC,Bollop,2
S,S17,Color,ArtifactFC,ArtifactFC,Reeka,3
S,S17,Color,ArtifactNFC,ArtifactNFC,Kanpa,3
S,S17,Color,ArtifactNFC,ArtifactNFC,Flut,3
S,S17,Color,ArtifactNFC,ArtifactNFC,Meepa,4
S,S17,Color,ArtifactNFC,ArtifactFC,Cano,3
S,S17,Color,ArtifactNFC,ArtifactNFC,Maxus,4
S,S17,Function,Natural,Natural,Koshi,4
S,S17,Function,Natural,Natural,Poom,1
S,S17,Function,Natural,Natural,Borg,2
S,S17,Function,Natural,Natural,Norpee,2
S,S17,Function,Natural,Natural,Irve,3
S,S17,Function,Artifact,Artifact,Xenop,6
S,S17,Function,Artifact,Artifact,Trint,7
S,S17,Function,Artifact,Artifact,Soof,5
S,S17,Function,Artifact,Artifact,Quag,3
S,S17,Function,Artifact,Artifact,Olan,5
S,S17,Filler,Artifact,Artifact,Gep,5
S,S17,Filler,Artifact,Artifact,Desh,5
S,S17,Filler,Artifact,Artifact,Nox,5
S,S17,Filler,Natural,Natural,Yobal,7
S,S17,Filler,Natural,Natural,Walla,6
S,S17,Filler,Natural,Natural,Chom,5
S,S17,Filler,Natural,Natural,Hyto,2
S,S17,Filler,Natural,Natural,Drapa,2
S,S17,Filler,Natural,Natural,Uzoo,6
S,S17,Filler,Natural,Natural,Jox,6
S,S18,Color,Natural,Natural,Atto,7
S,S18,Color,Natural,Natural,Onz,6
S,S18,Color,Natural,Natural,Stime,5
S,S18,Color,Natural,Natural,Enly,7
S,S18,Color,Natural,Natural,Blairo,6
S,S18,Color,ArtifactFC,ArtifactFC,Bewt,7
S,S18,Color,ArtifactFC,ArtifactNFC,Arn,6
S,S18,Color,ArtifactFC,ArtifactFC,Topee,7
S,S18,Color,ArtifactFC,ArtifactFC,Bollop,2
S,S18,Color,ArtifactFC,ArtifactFC,Reeka,3
S,S18,Color,ArtifactNFC,ArtifactNFC,Kanpa,3
S,S18,Color,ArtifactNFC,ArtifactNFC,Flut,3
S,S18,Color,ArtifactNFC,ArtifactNFC,Meepa,4
S,S18,Color,ArtifactNFC,ArtifactFC,Cano,3
S,S18,Color,ArtifactNFC,ArtifactNFC,Maxus,4
S,S18,Function,Natural,Natural,Koshi,4
S,S18,Function,Natural,Natural,Poom,1
S,S18,Function,Natural,Natural,Borg,2
S,S18,Function,Natural,Natural,Norpee,2
S,S18,Function,Natural,Natural,Irve,3
S,S18,Function,Artifact,Artifact,Xenop,6
S,S18,Function,Artifact,Artifact,Trint,7
S,S18,Function,Artifact,Artifact,Soof,5
S,S18,Function,Artifact,Artifact,Quag,3
S,S18,Function,Artifact,Artifact,Olan,5
S,S18,Filler,Artifact,Artifact,Gep,5
S,S18,Filler,Artifact,Artifact,Desh,5
S,S18,Filler,Artifact,Artifact,Nox,5
S,S18,Filler,Natural,Natural,Yobal,7
S,S18,Filler,Natural,Natural,Walla,6
S,S18,Filler,Natural,Natural,Chom,5
S,S18,Filler,Natural,Natural,Hyto,2
S,S18,Filler,Natural,Natural,Drapa,2
S,S18,Filler,Natural,Natural,Uzoo,6
S,S18,Filler,Natural,Natural,Jox,6
S,S19,Color,Natural,Natural,Atto,7
S,S19,Color,Natural,Natural,Onz,4
S,S19,Color,Natural,Natural,Stime,4
S,S19,Color,Natural,Natural,Enly,7
S,S19,Color,Natural,Natural,Blairo,4
S,S19,Color,ArtifactFC,ArtifactFC,Bewt,4
S,S19,Color,ArtifactFC,ArtifactNFC,Arn,4
S,S19,Color,ArtifactFC,ArtifactFC,Topee,5
S,S19,Color,ArtifactFC,ArtifactFC,Bollop,5
S,S19,Color,ArtifactFC,ArtifactFC,Reeka,5
S,S19,Color,ArtifactNFC,ArtifactNFC,Kanpa,2
S,S19,Color,ArtifactNFC,ArtifactNFC,Flut,3
S,S19,Color,ArtifactNFC,ArtifactNFC,Meepa,4
S,S19,Color,ArtifactNFC,ArtifactFC,Cano,2
S,S19,Color,ArtifactNFC,ArtifactNFC,Maxus,3
S,S19,Function,Natural,Natural,Koshi,2
S,S19,Function,Natural,Natural,Poom,3
S,S19,Function,Natural,Natural,Borg,2
S,S19,Function,Natural,Natural,Norpee,2
S,S19,Function,Natural,Natural,Irve,2
S,S19,Function,Artifact,Artifact,Xenop,4
S,S19,Function,Artifact,Artifact,Trint,6
S,S19,Function,Artifact,Artifact,Soof,6
S,S19,Function,Artifact,Artifact,Quag,5
S,S19,Function,Artifact,Artifact,Olan,5
S,S19,Filler,Artifact,Artifact,Gep,6
S,S19,Filler,Artifact,Artifact,Desh,4
S,S19,Filler,Artifact,Artifact,Nox,5
S,S19,Filler,Natural,Natural,Yobal,7
S,S19,Filler,Natural,Natural,Walla,7
S,S19,Filler,Natural,Natural,Chom,6
S,S19,Filler,Natural,Natural,Hyto,3
S,S19,Filler,Natural,Natural,Drapa,3
S,S19,Filler,Natural,Natural,Uzoo,1
S,S19,Filler,Natural,Natural,Jox,4